id,name,url,updated
360043429913,Adding a Beast Mode Calculation to Your Chart,https://domo-support.domo.com/s/article/360043429913,2023-04-11 14:24:20.082865
360043429913,Adding a Beast Mode Calculation to Your Chart,https://domo-support.domo.com/s/article/360043429913,2023-04-11 14:27:59.501269
360043429913,Adding a Beast Mode Calculation to Your Chart,https://domo-support.domo.com/s/article/360043429913,2023-04-11 14:28:11.424407
360042924034,Analyzer Layout,https://domo-support.domo.com/s/article/360042924034,2023-04-11 14:28:28.872408
360043429933,Beast Mode Functions Reference Guide,https://domo-support.domo.com/s/article/360043429933,2023-04-11 14:28:40.922823
360043429953,Date Format Specifier Characters for Beast Mode,https://domo-support.domo.com/s/article/360043429953,2023-04-11 14:28:50.953463
360042924094,Adding a Drill Path to Your Chart,https://domo-support.domo.com/s/article/360042924094,2023-04-11 14:29:00.024668
360043429993,Sample Beast Mode Calculations,https://domo-support.domo.com/s/article/360043429993,2023-04-11 14:29:08.956891
360043428753,Configuring Your Chart Summary Number,https://domo-support.domo.com/s/article/360043428753,2023-04-11 14:29:17.914931
360043429913,Adding a Beast Mode Calculation to Your Chart,https://domo-support.domo.com/s/article/360043429913,2023-04-11 14:29:28.751113
360042925494,Sample Beast Mode Calculations: Date Transforms,https://domo-support.domo.com/s/article/360042925494,2023-04-11 14:29:41.841370
360043429693,Formatting Data Label and Hover Text in Your Chart,https://domo-support.domo.com/s/article/360043429693,2023-04-11 14:29:51.713198
360043430033,"Adding Graphics, Links, and Images to Table Cards Using Beast Mode",https://domo-support.domo.com/s/article/360043430033,2023-04-11 14:30:29.671654
360043430053,Beast Mode FAQs,https://domo-support.domo.com/s/article/360043430053,2023-04-11 14:30:44.357423
4408174643607,Beast Mode FIXED Functions,https://domo-support.domo.com/s/article/4408174643607,2023-04-11 14:30:53.619983
360042925434,Bucketing Data Using Beast Mode,https://domo-support.domo.com/s/article/360042925434,2023-04-11 14:31:23.929133
360043430073,Sample Beast Mode Calculations: Basic Transforms,https://domo-support.domo.com/s/article/360043430073,2023-04-11 14:31:34.472711
360043430093,Sample Beast Mode Calculations: Card Element Transforms,https://domo-support.domo.com/s/article/360043430093,2023-04-11 14:31:43.247082
360042925514,Sample Beast Mode Calculations: Mathematical Transforms,https://domo-support.domo.com/s/article/360042925514,2023-04-11 14:31:56.501822
360043430113,Sample Beast Mode Calculations: Miscellaneous Transforms,https://domo-support.domo.com/s/article/360043430113,2023-04-11 14:32:05.327405
360043430133,Sample Beast Mode Calculations: Period-over-Period Transforms,https://domo-support.domo.com/s/article/360043430133,2023-04-11 14:32:15.431459
360043430153,Top 5 Issues Users Experience with Beast Mode in Domo,https://domo-support.domo.com/s/article/360043430153,2023-04-11 14:32:25.483742
360043438973,Managing Custom Roles,https://domo-support.domo.com/s/article/360043438973,2023-04-11 14:32:40.398081
360043428673,Analyzer Overview,https://domo-support.domo.com/s/article/360043428673,2023-04-11 14:59:40.577348
360043428713,Applying DataSet Columns to Your Chart,https://domo-support.domo.com/s/article/360043428713,2023-04-11 14:59:49.110583
360042924174,Editing the Name or Description of a Visualization Card,https://domo-support.domo.com/s/article/360042924174,2023-04-11 15:00:02.608337
360043429913,Adding a Beast Mode Calculation to Your Chart,https://domo-support.domo.com/s/article/360043429913,2023-04-11 15:00:46.834067
360043429913,Adding a Beast Mode Calculation to Your Chart,https://domo-support.domo.com/s/article/360043429913,2023-04-11 15:00:58.453644
360043429913,Adding a Beast Mode Calculation to Your Chart,https://domo-support.domo.com/s/article/360043429913,2023-04-11 15:01:37.942519
360043429913,Adding a Beast Mode Calculation to Your Chart,https://domo-support.domo.com/s/article/360043429913,2023-04-11 15:01:50.485181
360043429913,Adding a Beast Mode Calculation to Your Chart,https://domo-support.domo.com/s/article/360043429913,2023-04-11 15:13:49.601143
360042924034,Analyzer Layout,https://domo-support.domo.com/s/article/360042924034,2023-04-11 15:14:00.215362
360043429933,Beast Mode Functions Reference Guide,https://domo-support.domo.com/s/article/360043429933,2023-04-11 15:14:09.351349
360043429953,Date Format Specifier Characters for Beast Mode,https://domo-support.domo.com/s/article/360043429953,2023-04-11 15:14:17.394142
360042924094,Adding a Drill Path to Your Chart,https://domo-support.domo.com/s/article/360042924094,2023-04-11 15:14:26.134668
360043429993,Sample Beast Mode Calculations,https://domo-support.domo.com/s/article/360043429993,2023-04-11 15:14:34.980804
360043428753,Configuring Your Chart Summary Number,https://domo-support.domo.com/s/article/360043428753,2023-04-11 15:14:45.282483
360043429913,Adding a Beast Mode Calculation to Your Chart,https://domo-support.domo.com/s/article/360043429913,2023-04-11 15:14:55.811709
360042925494,Sample Beast Mode Calculations: Date Transforms,https://domo-support.domo.com/s/article/360042925494,2023-04-11 15:15:05.449865
360043429693,Formatting Data Label and Hover Text in Your Chart,https://domo-support.domo.com/s/article/360043429693,2023-04-11 15:15:14.296475
360043438973,Managing Custom Roles,https://domo-support.domo.com/s/article/360043438973,2023-04-11 15:15:31.873295
360043428673,Analyzer Overview,https://domo-support.domo.com/s/article/360043428673,2023-04-11 15:15:50.168538
360043428713,Applying DataSet Columns to Your Chart,https://domo-support.domo.com/s/article/360043428713,2023-04-11 15:16:00.356520
360043429913,Adding a Beast Mode Calculation to Your Chart,https://domo-support.domo.com/s/article/360043429913,2023-04-11 15:16:19.913279
360043429913,Adding a Beast Mode Calculation to Your Chart,https://domo-support.domo.com/s/article/360043429913,2023-04-11 15:16:31.232245
360042924034,Analyzer Layout,https://domo-support.domo.com/s/article/360042924034,2023-04-11 15:16:49.261672
360043429933,Beast Mode Functions Reference Guide,https://domo-support.domo.com/s/article/360043429933,2023-04-11 15:16:58.572281
360043429953,Date Format Specifier Characters for Beast Mode,https://domo-support.domo.com/s/article/360043429953,2023-04-11 15:17:06.805378
360042924094,Adding a Drill Path to Your Chart,https://domo-support.domo.com/s/article/360042924094,2023-04-11 15:17:15.251502
360043429993,Sample Beast Mode Calculations,https://domo-support.domo.com/s/article/360043429993,2023-04-11 15:17:23.862072
360043428753,Configuring Your Chart Summary Number,https://domo-support.domo.com/s/article/360043428753,2023-04-11 15:17:32.229939
360043429913,Adding a Beast Mode Calculation to Your Chart,https://domo-support.domo.com/s/article/360043429913,2023-04-11 15:17:42.513230
360042925494,Sample Beast Mode Calculations: Date Transforms,https://domo-support.domo.com/s/article/360042925494,2023-04-11 15:17:55.114342
360043429693,Formatting Data Label and Hover Text in Your Chart,https://domo-support.domo.com/s/article/360043429693,2023-04-11 15:18:04.227896
360043430033,"Adding Graphics, Links, and Images to Table Cards Using Beast Mode",https://domo-support.domo.com/s/article/360043430033,2023-04-11 15:18:43.703747
360043430053,Beast Mode FAQs,https://domo-support.domo.com/s/article/360043430053,2023-04-11 15:18:57.401894
4408174643607,Beast Mode FIXED Functions,https://domo-support.domo.com/s/article/4408174643607,2023-04-11 15:19:06.041233
360043429913,Adding a Beast Mode Calculation to Your Chart,https://domo-support.domo.com/s/article/360043429913,2023-04-11 15:28:30.858013
360043429913,Adding a Beast Mode Calculation to Your Chart,https://domo-support.domo.com/s/article/360043429913,2023-04-11 15:29:36.658363
4408174643607,Beast Mode FIXED Functions,https://domo-support.domo.com/s/article/4408174643607,2023-04-11 15:33:13.041390
360042925434,Bucketing Data Using Beast Mode,https://domo-support.domo.com/s/article/360042925434,2023-04-11 15:33:39.611160
360043430073,Sample Beast Mode Calculations: Basic Transforms,https://domo-support.domo.com/s/article/360043430073,2023-04-11 15:33:50.087073
360043430093,Sample Beast Mode Calculations: Card Element Transforms,https://domo-support.domo.com/s/article/360043430093,2023-04-11 15:33:58.201383
360042925514,Sample Beast Mode Calculations: Mathematical Transforms,https://domo-support.domo.com/s/article/360042925514,2023-04-11 15:34:10.250029
360043430113,Sample Beast Mode Calculations: Miscellaneous Transforms,https://domo-support.domo.com/s/article/360043430113,2023-04-11 15:34:18.462613
360043430133,Sample Beast Mode Calculations: Period-over-Period Transforms,https://domo-support.domo.com/s/article/360043430133,2023-04-11 15:34:28.359509
360043430153,Top 5 Issues Users Experience with Beast Mode in Domo,https://domo-support.domo.com/s/article/360043430153,2023-04-11 15:34:36.310721
360043438973,Managing Custom Roles,https://domo-support.domo.com/s/article/360043438973,2023-04-11 15:34:48.401924
360043428673,Analyzer Overview,https://domo-support.domo.com/s/article/360043428673,2023-04-11 15:35:10.048312
360043428713,Applying DataSet Columns to Your Chart,https://domo-support.domo.com/s/article/360043428713,2023-04-11 15:35:18.176447
360042924174,Editing the Name or Description of a Visualization Card,https://domo-support.domo.com/s/article/360042924174,2023-04-11 15:35:33.436900
360043428733,Sorting the Data in Your Chart,https://domo-support.domo.com/s/article/360043428733,2023-04-11 15:35:41.959932
360043428853,Viewing the Lineage of a DataSet in Analyzer,https://domo-support.domo.com/s/article/360043428853,2023-04-11 15:35:52.146144
360042924074,Adding Filters to Your Chart,https://domo-support.domo.com/s/article/360042924074,2023-04-11 15:36:04.201065
360043428813,Setting Color Rules for a Chart,https://domo-support.domo.com/s/article/360043428813,2023-04-11 15:36:19.015485
4403089503383,Creating Segments in Analyzer,https://domo-support.domo.com/s/article/4403089503383,2023-04-11 15:36:27.747632
360042924834,Period-over-Period Charts,https://domo-support.domo.com/s/article/360042924834,2023-04-11 15:36:43.945721
360043438893,Inviting Others to Join Domo,https://domo-support.domo.com/s/article/360043438893,2023-04-11 15:37:00.086886
360043429913,Adding a Beast Mode Calculation to Your Chart,https://domo-support.domo.com/s/article/360043429913,2023-04-11 15:37:41.117595
360043429913,Adding a Beast Mode Calculation to Your Chart,https://domo-support.domo.com/s/article/360043429913,2023-04-11 15:42:06.320431
360043429913,Adding a Beast Mode Calculation to Your Chart,https://domo-support.domo.com/s/article/360043429913,2023-04-11 15:46:37.687954
360042924034,Analyzer Layout,https://domo-support.domo.com/s/article/360042924034,2023-04-11 15:46:53.760065
360043429913,Adding a Beast Mode Calculation to Your Chart,https://domo-support.domo.com/s/article/360043429913,2023-04-11 15:48:07.471762
360043429913,Adding a Beast Mode Calculation to Your Chart,https://domo-support.domo.com/s/article/360043429913,2023-04-11 15:48:18.634659
360043429913,Adding a Beast Mode Calculation to Your Chart,https://domo-support.domo.com/s/article/360043429913,2023-04-11 15:48:59.134906
360043429913,Adding a Beast Mode Calculation to Your Chart,https://domo-support.domo.com/s/article/360043429913,2023-04-11 15:49:10.823711
360043429913,Adding a Beast Mode Calculation to Your Chart,https://domo-support.domo.com/s/article/360043429913,2023-04-11 15:49:30.224110
360043429913,Adding a Beast Mode Calculation to Your Chart,https://domo-support.domo.com/s/article/360043429913,2023-04-11 15:49:42.577978
360042924034,Analyzer Layout,https://domo-support.domo.com/s/article/360042924034,2023-04-11 15:50:00.322190
360043429933,Beast Mode Functions Reference Guide,https://domo-support.domo.com/s/article/360043429933,2023-04-11 15:50:10.142448
360043429953,Date Format Specifier Characters for Beast Mode,https://domo-support.domo.com/s/article/360043429953,2023-04-11 15:50:18.197902
360042924094,Adding a Drill Path to Your Chart,https://domo-support.domo.com/s/article/360042924094,2023-04-11 15:50:26.319267
360043429993,Sample Beast Mode Calculations,https://domo-support.domo.com/s/article/360043429993,2023-04-11 15:50:34.775271
360043428753,Configuring Your Chart Summary Number,https://domo-support.domo.com/s/article/360043428753,2023-04-11 15:50:43.196209
360043429913,Adding a Beast Mode Calculation to Your Chart,https://domo-support.domo.com/s/article/360043429913,2023-04-11 15:51:10.823202
360043429913,Adding a Beast Mode Calculation to Your Chart,https://domo-support.domo.com/s/article/360043429913,2023-04-11 15:51:22.599899
360042924094,Adding a Drill Path to Your Chart,https://domo-support.domo.com/s/article/360042924094,2023-04-11 15:51:34.170998
360043429993,Sample Beast Mode Calculations,https://domo-support.domo.com/s/article/360043429993,2023-04-11 15:51:42.391595
360043428753,Configuring Your Chart Summary Number,https://domo-support.domo.com/s/article/360043428753,2023-04-11 15:51:51.003138
360043429913,Adding a Beast Mode Calculation to Your Chart,https://domo-support.domo.com/s/article/360043429913,2023-04-11 15:52:00.710611
360042925494,Sample Beast Mode Calculations: Date Transforms,https://domo-support.domo.com/s/article/360042925494,2023-04-11 15:52:12.184709
360043429693,Formatting Data Label and Hover Text in Your Chart,https://domo-support.domo.com/s/article/360043429693,2023-04-11 15:52:21.574989
360043430033,"Adding Graphics, Links, and Images to Table Cards Using Beast Mode",https://domo-support.domo.com/s/article/360043430033,2023-04-11 15:52:56.481570
360043430053,Beast Mode FAQs,https://domo-support.domo.com/s/article/360043430053,2023-04-11 15:53:08.822734
4408174643607,Beast Mode FIXED Functions,https://domo-support.domo.com/s/article/4408174643607,2023-04-11 15:53:17.414803
360042925474,Beast Mode Manager,https://domo-support.domo.com/s/article/360042925474,2023-04-11 15:53:37.810430
360043429913,Adding a Beast Mode Calculation to Your Chart,https://domo-support.domo.com/s/article/360043429913,2023-04-11 15:54:05.685133
360043429913,Adding a Beast Mode Calculation to Your Chart,https://domo-support.domo.com/s/article/360043429913,2023-04-11 15:54:17.239023
360042924034,Analyzer Layout,https://domo-support.domo.com/s/article/360042924034,2023-04-11 15:54:32.325625
360043429933,Beast Mode Functions Reference Guide,https://domo-support.domo.com/s/article/360043429933,2023-04-11 15:54:41.156504
360043429953,Date Format Specifier Characters for Beast Mode,https://domo-support.domo.com/s/article/360043429953,2023-04-11 15:54:49.867031
360042924094,Adding a Drill Path to Your Chart,https://domo-support.domo.com/s/article/360042924094,2023-04-11 15:54:58.894867
360043429993,Sample Beast Mode Calculations,https://domo-support.domo.com/s/article/360043429993,2023-04-11 15:55:07.041076
360043429913,Adding a Beast Mode Calculation to Your Chart,https://domo-support.domo.com/s/article/360043429913,2023-04-11 16:01:08.920329
360042924094,Adding a Drill Path to Your Chart,https://domo-support.domo.com/s/article/360042924094,2023-04-11 16:05:48.580339
360043429993,Sample Beast Mode Calculations,https://domo-support.domo.com/s/article/360043429993,2023-04-11 16:05:57.316216
360043428753,Configuring Your Chart Summary Number,https://domo-support.domo.com/s/article/360043428753,2023-04-11 16:06:05.403792
360043429913,Adding a Beast Mode Calculation to Your Chart,https://domo-support.domo.com/s/article/360043429913,2023-04-11 16:06:31.320014
360042924094,Adding a Drill Path to Your Chart,https://domo-support.domo.com/s/article/360042924094,2023-04-11 16:06:42.544871
360043429993,Sample Beast Mode Calculations,https://domo-support.domo.com/s/article/360043429993,2023-04-11 16:06:50.568160
360043428753,Configuring Your Chart Summary Number,https://domo-support.domo.com/s/article/360043428753,2023-04-11 16:06:59.110638
360042925494,Sample Beast Mode Calculations: Date Transforms,https://domo-support.domo.com/s/article/360042925494,2023-04-11 16:07:10.806293
360043429693,Formatting Data Label and Hover Text in Your Chart,https://domo-support.domo.com/s/article/360043429693,2023-04-11 16:07:20.165692
360043430033,"Adding Graphics, Links, and Images to Table Cards Using Beast Mode",https://domo-support.domo.com/s/article/360043430033,2023-04-11 16:07:56.046024
360043429913,Adding a Beast Mode Calculation to Your Chart,https://domo-support.domo.com/s/article/360043429913,2023-04-11 17:05:11.627346
360043430033,"Adding Graphics, Links, and Images to Table Cards Using Beast Mode",https://domo-support.domo.com/s/article/360043430033,2023-04-11 17:05:32.889489
360043430053,Beast Mode FAQs,https://domo-support.domo.com/s/article/360043430053,2023-04-11 17:05:45.724196
4408174643607,Beast Mode FIXED Functions,https://domo-support.domo.com/s/article/4408174643607,2023-04-11 17:05:54.168413
360042925474,Beast Mode Manager,https://domo-support.domo.com/s/article/360042925474,2023-04-11 17:06:11.495642
360042925434,Bucketing Data Using Beast Mode,https://domo-support.domo.com/s/article/360042925434,2023-04-11 17:06:26.617653
360043430073,Sample Beast Mode Calculations: Basic Transforms,https://domo-support.domo.com/s/article/360043430073,2023-04-11 17:06:38.362889
360043430093,Sample Beast Mode Calculations: Card Element Transforms,https://domo-support.domo.com/s/article/360043430093,2023-04-11 17:06:46.649810
360043429913,Adding a Beast Mode Calculation to Your Chart,https://domo-support.domo.com/s/article/360043429913,2023-04-11 17:07:33.363520
360043429913,Adding a Beast Mode Calculation to Your Chart,https://domo-support.domo.com/s/article/360043429913,2023-04-11 17:07:44.995348
360042924034,Analyzer Layout,https://domo-support.domo.com/s/article/360042924034,2023-04-11 17:08:12.743859
360043429933,Beast Mode Functions Reference Guide,https://domo-support.domo.com/s/article/360043429933,2023-04-11 17:08:22.361136
360043429953,Date Format Specifier Characters for Beast Mode,https://domo-support.domo.com/s/article/360043429953,2023-04-11 17:08:30.751569
360042924094,Adding a Drill Path to Your Chart,https://domo-support.domo.com/s/article/360042924094,2023-04-11 17:08:39.640018
360043429993,Sample Beast Mode Calculations,https://domo-support.domo.com/s/article/360043429993,2023-04-11 17:08:47.623990
360043428753,Configuring Your Chart Summary Number,https://domo-support.domo.com/s/article/360043428753,2023-04-11 17:08:56.759276
360043429913,Adding a Beast Mode Calculation to Your Chart,https://domo-support.domo.com/s/article/360043429913,2023-04-11 17:09:07.262652
360042925494,Sample Beast Mode Calculations: Date Transforms,https://domo-support.domo.com/s/article/360042925494,2023-04-11 17:09:16.920367
360043429693,Formatting Data Label and Hover Text in Your Chart,https://domo-support.domo.com/s/article/360043429693,2023-04-11 17:09:25.967925
360043438973,Managing Custom Roles,https://domo-support.domo.com/s/article/360043438973,2023-04-11 17:12:10.480851
360043428673,Analyzer Overview,https://domo-support.domo.com/s/article/360043428673,2023-04-11 17:12:49.197206
360043428713,Applying DataSet Columns to Your Chart,https://domo-support.domo.com/s/article/360043428713,2023-04-11 17:12:57.477931
360042924174,Editing the Name or Description of a Visualization Card,https://domo-support.domo.com/s/article/360042924174,2023-04-11 17:13:10.979357
360043428733,Sorting the Data in Your Chart,https://domo-support.domo.com/s/article/360043428733,2023-04-11 17:13:19.230610
360043428853,Viewing the Lineage of a DataSet in Analyzer,https://domo-support.domo.com/s/article/360043428853,2023-04-11 17:13:29.226544
360042924074,Adding Filters to Your Chart,https://domo-support.domo.com/s/article/360042924074,2023-04-11 17:13:39.246940
360043428813,Setting Color Rules for a Chart,https://domo-support.domo.com/s/article/360043428813,2023-04-11 17:13:53.993808
4403089503383,Creating Segments in Analyzer,https://domo-support.domo.com/s/article/4403089503383,2023-04-11 17:14:02.736766
360042924834,Period-over-Period Charts,https://domo-support.domo.com/s/article/360042924834,2023-04-11 17:14:16.854511
360043438893,Inviting Others to Join Domo,https://domo-support.domo.com/s/article/360043438893,2023-04-11 17:14:31.844234
360042923934,Card Details View Layout,https://domo-support.domo.com/s/article/360042923934,2023-04-11 17:14:40.683846
360043430513,Creating an Alert for a Visualization Card,https://domo-support.domo.com/s/article/360043430513,2023-04-11 17:15:00.548811
360043428833,Understanding the Data Table in Analyzer,https://domo-support.domo.com/s/article/360043428833,2023-04-11 17:15:16.820501
360042924034,Analyzer Layout,https://domo-support.domo.com/s/article/360042924034,2023-04-11 17:15:26.728434
360043429933,Beast Mode Functions Reference Guide,https://domo-support.domo.com/s/article/360043429933,2023-04-11 17:15:36.605343
360043429953,Date Format Specifier Characters for Beast Mode,https://domo-support.domo.com/s/article/360043429953,2023-04-11 17:15:44.671705
360043428433,Creating Domo Stories,https://domo-support.domo.com/s/article/360043428433,2023-04-11 17:15:54.814794
360042924254,Using a Fiscal Calendar,https://domo-support.domo.com/s/article/360042924254,2023-04-11 17:16:36.996542
360042934614,Creating and Deleting PDP Policies,https://domo-support.domo.com/s/article/360042934614,2023-04-11 17:16:45.700348
360042923994,Drilling into Data,https://domo-support.domo.com/s/article/360042923994,2023-04-11 17:17:00.450003
360043428693,Understanding Chart Data,https://domo-support.domo.com/s/article/360043428693,2023-04-11 17:17:08.649857
360042925154,Applying and Resetting Chart Properties,https://domo-support.domo.com/s/article/360042925154,2023-04-11 17:17:17.531159
360043429213,Latitude-Longitude Map,https://domo-support.domo.com/s/article/360043429213,2023-04-11 17:17:26.341196
360042924094,Adding a Drill Path to Your Chart,https://domo-support.domo.com/s/article/360042924094,2023-04-11 17:17:36.185391
360043430073,Sample Beast Mode Calculations: Basic Transforms,https://domo-support.domo.com/s/article/360043430073,2023-04-11 17:17:44.185646
360043430133,Sample Beast Mode Calculations: Period-over-Period Transforms,https://domo-support.domo.com/s/article/360043430133,2023-04-11 17:17:52.477769
360043430093,Sample Beast Mode Calculations: Card Element Transforms,https://domo-support.domo.com/s/article/360043430093,2023-04-11 17:18:00.987111
360042925514,Sample Beast Mode Calculations: Mathematical Transforms,https://domo-support.domo.com/s/article/360042925514,2023-04-11 17:18:12.340459
360043430113,Sample Beast Mode Calculations: Miscellaneous Transforms,https://domo-support.domo.com/s/article/360043430113,2023-04-11 17:18:20.560755
360043429913,Adding a Beast Mode Calculation to Your Chart,https://domo-support.domo.com/s/article/360043429913,2023-04-11 17:18:49.491912
360043429913,Adding a Beast Mode Calculation to Your Chart,https://domo-support.domo.com/s/article/360043429913,2023-04-11 17:19:00.886095
360043429913,Adding a Beast Mode Calculation to Your Chart,https://domo-support.domo.com/s/article/360043429913,2023-04-11 17:19:53.475527
360043429913,Adding a Beast Mode Calculation to Your Chart,https://domo-support.domo.com/s/article/360043429913,2023-04-11 17:20:05.638167
360042924034,Analyzer Layout,https://domo-support.domo.com/s/article/360042924034,2023-04-11 17:20:33.607475
360043429933,Beast Mode Functions Reference Guide,https://domo-support.domo.com/s/article/360043429933,2023-04-11 17:20:42.410440
360043429953,Date Format Specifier Characters for Beast Mode,https://domo-support.domo.com/s/article/360043429953,2023-04-11 17:20:50.472248
360042924094,Adding a Drill Path to Your Chart,https://domo-support.domo.com/s/article/360042924094,2023-04-11 17:20:58.978297
360043429993,Sample Beast Mode Calculations,https://domo-support.domo.com/s/article/360043429993,2023-04-11 17:21:07.108543
360043428753,Configuring Your Chart Summary Number,https://domo-support.domo.com/s/article/360043428753,2023-04-11 17:21:15.156167
360043429913,Adding a Beast Mode Calculation to Your Chart,https://domo-support.domo.com/s/article/360043429913,2023-04-11 17:21:25.045283
360042925494,Sample Beast Mode Calculations: Date Transforms,https://domo-support.domo.com/s/article/360042925494,2023-04-11 17:21:33.822214
360043429693,Formatting Data Label and Hover Text in Your Chart,https://domo-support.domo.com/s/article/360043429693,2023-04-11 17:21:43.644933
360043438973,Managing Custom Roles,https://domo-support.domo.com/s/article/360043438973,2023-04-11 17:24:27.733642
360043428673,Analyzer Overview,https://domo-support.domo.com/s/article/360043428673,2023-04-11 17:24:45.968569
360043428713,Applying DataSet Columns to Your Chart,https://domo-support.domo.com/s/article/360043428713,2023-04-11 17:24:54.341926
360042924174,Editing the Name or Description of a Visualization Card,https://domo-support.domo.com/s/article/360042924174,2023-04-11 17:25:08.524470
360043428733,Sorting the Data in Your Chart,https://domo-support.domo.com/s/article/360043428733,2023-04-11 17:25:16.858675
360043428853,Viewing the Lineage of a DataSet in Analyzer,https://domo-support.domo.com/s/article/360043428853,2023-04-11 17:25:26.421886
360043429913,Adding a Beast Mode Calculation to Your Chart,https://domo-support.domo.com/s/article/360043429913,2023-04-11 17:27:42.493545
360043438973,Managing Custom Roles,https://domo-support.domo.com/s/article/360043438973,2023-04-11 17:28:26.631098
360043428673,Analyzer Overview,https://domo-support.domo.com/s/article/360043428673,2023-04-11 17:28:45.293211
360043428713,Applying DataSet Columns to Your Chart,https://domo-support.domo.com/s/article/360043428713,2023-04-11 17:28:53.641146
360042924174,Editing the Name or Description of a Visualization Card,https://domo-support.domo.com/s/article/360042924174,2023-04-11 17:29:07.981408
360043428733,Sorting the Data in Your Chart,https://domo-support.domo.com/s/article/360043428733,2023-04-11 17:29:16.046183
360043428853,Viewing the Lineage of a DataSet in Analyzer,https://domo-support.domo.com/s/article/360043428853,2023-04-11 17:29:25.409614
360042924074,Adding Filters to Your Chart,https://domo-support.domo.com/s/article/360042924074,2023-04-11 17:29:35.825729
360043428813,Setting Color Rules for a Chart,https://domo-support.domo.com/s/article/360043428813,2023-04-11 17:29:50.111016
4403089503383,Creating Segments in Analyzer,https://domo-support.domo.com/s/article/4403089503383,2023-04-11 17:29:58.801961
360042924834,Period-over-Period Charts,https://domo-support.domo.com/s/article/360042924834,2023-04-11 17:30:12.774809
360043438893,Inviting Others to Join Domo,https://domo-support.domo.com/s/article/360043438893,2023-04-11 17:30:27.820358
360042923934,Card Details View Layout,https://domo-support.domo.com/s/article/360042923934,2023-04-11 17:30:37.174887
360043430513,Creating an Alert for a Visualization Card,https://domo-support.domo.com/s/article/360043430513,2023-04-11 17:30:54.310784
360043428833,Understanding the Data Table in Analyzer,https://domo-support.domo.com/s/article/360043428833,2023-04-11 17:31:09.290050
360043428433,Creating Domo Stories,https://domo-support.domo.com/s/article/360043428433,2023-04-11 17:31:19.600776
360042924254,Using a Fiscal Calendar,https://domo-support.domo.com/s/article/360042924254,2023-04-11 17:32:01.466966
360042934614,Creating and Deleting PDP Policies,https://domo-support.domo.com/s/article/360042934614,2023-04-11 17:32:10.262699
360042923994,Drilling into Data,https://domo-support.domo.com/s/article/360042923994,2023-04-11 17:32:24.950959
360043428693,Understanding Chart Data,https://domo-support.domo.com/s/article/360043428693,2023-04-11 17:32:33.643595
360042925154,Applying and Resetting Chart Properties,https://domo-support.domo.com/s/article/360042925154,2023-04-11 17:32:41.873394
360043429213,Latitude-Longitude Map,https://domo-support.domo.com/s/article/360043429213,2023-04-11 17:32:51.647855
360043430073,Sample Beast Mode Calculations: Basic Transforms,https://domo-support.domo.com/s/article/360043430073,2023-04-11 17:33:00.720503
360043430133,Sample Beast Mode Calculations: Period-over-Period Transforms,https://domo-support.domo.com/s/article/360043430133,2023-04-11 17:33:09.366810
360043430093,Sample Beast Mode Calculations: Card Element Transforms,https://domo-support.domo.com/s/article/360043430093,2023-04-11 17:33:17.330984
360042925514,Sample Beast Mode Calculations: Mathematical Transforms,https://domo-support.domo.com/s/article/360042925514,2023-04-11 17:33:29.951668
360043430113,Sample Beast Mode Calculations: Miscellaneous Transforms,https://domo-support.domo.com/s/article/360043430113,2023-04-11 17:33:37.863747
360042923594,Changing the Size of Cards on a Dashboard,https://domo-support.domo.com/s/article/360042923594,2023-04-11 17:33:47.049660
360043440133,Effective Summary Numbers,https://domo-support.domo.com/s/article/360043440133,2023-04-11 17:34:04.240412
360043430053,Beast Mode FAQs,https://domo-support.domo.com/s/article/360043430053,2023-04-11 17:34:14.477351
360043430153,Top 5 Issues Users Experience with Beast Mode in Domo,https://domo-support.domo.com/s/article/360043430153,2023-04-11 17:34:23.711186
360043429633,Changing the Date Format in Your Chart,https://domo-support.domo.com/s/article/360043429633,2023-04-11 17:34:31.806011
360043428153,Date Difference for Business Days,https://domo-support.domo.com/s/article/360043428153,2023-04-11 17:34:41.273489
360042925214,Changing the Font Size in Your Chart,https://domo-support.domo.com/s/article/360042925214,2023-04-11 17:34:51.007850
360043429273,Sankey Chart,https://domo-support.domo.com/s/article/360043429273,2023-04-11 17:34:59.280032
360042922874,Getting Help,https://domo-support.domo.com/s/article/360042922874,2023-04-11 17:35:27.843387
360043438953,Default Security Role Reference,https://domo-support.domo.com/s/article/360043438953,2023-04-11 17:35:38.549379
360042934354,Assigning a Security Role to a User,https://domo-support.domo.com/s/article/360042934354,2023-04-11 17:35:47.375669
360043438973,Managing Custom Roles,https://domo-support.domo.com/s/article/360043438973,2023-04-11 17:35:57.568230
360042924194,Editing the Column Header Labels for Your Chart Table View,https://domo-support.domo.com/s/article/360042924194,2023-04-11 17:36:15.984256
360042924134,Formatting Values in Your Chart,https://domo-support.domo.com/s/article/360042924134,2023-04-11 17:36:26.685579
360043428773,Adding a Goal Line to Your Chart,https://domo-support.domo.com/s/article/360043428773,2023-04-11 17:36:35.393084
360043428673,Analyzer Overview,https://domo-support.domo.com/s/article/360043428673,2023-04-11 17:36:43.438332
360043428713,Applying DataSet Columns to Your Chart,https://domo-support.domo.com/s/article/360043428713,2023-04-11 17:36:51.656673
360043439993,Best Practices for Standardizing Visualization Cards,https://domo-support.domo.com/s/article/360043439993,2023-04-11 17:37:03.718182
360042924174,Editing the Name or Description of a Visualization Card,https://domo-support.domo.com/s/article/360042924174,2023-04-11 17:37:11.698302
360043429513,Stream Funnel Chart,https://domo-support.domo.com/s/article/360043429513,2023-04-11 17:37:19.696295
360043428733,Sorting the Data in Your Chart,https://domo-support.domo.com/s/article/360043428733,2023-04-11 17:37:29.994938
360047553253,Data Center Layout,https://domo-support.domo.com/s/article/360047553253,2023-04-11 17:37:40.018246
360043428853,Viewing the Lineage of a DataSet in Analyzer,https://domo-support.domo.com/s/article/360043428853,2023-04-11 17:38:23.262215
4403489663127,Aggregated Filters,https://domo-support.domo.com/s/article/4403489663127,2023-04-11 17:38:33.415864
360042924014,Filtering Data in a Card Details View,https://domo-support.domo.com/s/article/360042924014,2023-04-11 17:39:00.897659
360042924074,Adding Filters to Your Chart,https://domo-support.domo.com/s/article/360042924074,2023-04-11 17:39:30.850220
360043429653,Changing the Default Colors in Your Chart,https://domo-support.domo.com/s/article/360043429653,2023-04-11 17:39:44.634361
360043428813,Setting Color Rules for a Chart,https://domo-support.domo.com/s/article/360043428813,2023-04-11 17:39:55.169285
4403089503383,Creating Segments in Analyzer,https://domo-support.domo.com/s/article/4403089503383,2023-04-11 17:40:03.990413
360043429253,Running Total Line Chart,https://domo-support.domo.com/s/article/360043429253,2023-04-11 17:40:17.720813
360042924774,Multi-Value Gauge,https://domo-support.domo.com/s/article/360042924774,2023-04-11 17:40:26.191298
360042924714,Shape Gauge,https://domo-support.domo.com/s/article/360042924714,2023-04-11 17:40:52.657397
360043429073,Flex Table,https://domo-support.domo.com/s/article/360043429073,2023-04-11 17:41:03.588237
360042924554,Filled Gauge,https://domo-support.domo.com/s/article/360042924554,2023-04-11 17:41:21.716205
360043429493,Progress Bar Gauge,https://domo-support.domo.com/s/article/360043429493,2023-04-11 17:41:31.002730
360043428653,Using Card Interaction Tools in a Card Details View,https://domo-support.domo.com/s/article/360043428653,2023-04-11 17:41:43.887326
360042924834,Period-over-Period Charts,https://domo-support.domo.com/s/article/360042924834,2023-04-11 17:41:54.016601
360042934534,Specifying Authorized Domains for Invited Users,https://domo-support.domo.com/s/article/360042934534,2023-04-11 17:42:08.145184
360042922754,Joining Domo,https://domo-support.domo.com/s/article/360042922754,2023-04-11 17:42:16.247872
360042934674,Profile Page Layout,https://domo-support.domo.com/s/article/360042934674,2023-04-11 17:42:24.909081
360042934274,Adding Users to Domo,https://domo-support.domo.com/s/article/360042934274,2023-04-11 17:42:34.608272
360043438893,Inviting Others to Join Domo,https://domo-support.domo.com/s/article/360043438893,2023-04-11 17:43:01.279884
360043428573,Understanding Cards,https://domo-support.domo.com/s/article/360043428573,2023-04-11 17:43:11.159492
360042925574,Chatting in Buzz,https://domo-support.domo.com/s/article/360042925574,2023-04-11 17:43:25.756257
360043437813,Exporting Visualization Cards,https://domo-support.domo.com/s/article/360043437813,2023-04-11 17:43:48.079362
360042923834,Reporting Issues with Cards,https://domo-support.domo.com/s/article/360042923834,2023-04-11 17:43:57.785785
360042923774,Linking Related Cards,https://domo-support.domo.com/s/article/360042923774,2023-04-11 17:44:07.851688
360043428613,Restricting Edit Capability for a Card,https://domo-support.domo.com/s/article/360043428613,2023-04-11 17:44:15.411558
360042923794,Changing a Card Owner,https://domo-support.domo.com/s/article/360042923794,2023-04-11 17:44:23.988626
360042932994,Sharing and Removing Access to Cards and Dashboards,https://domo-support.domo.com/s/article/360042932994,2023-04-11 17:44:42.338295
360042923974,Adding Chart Annotations,https://domo-support.domo.com/s/article/360042923974,2023-04-11 17:44:57.125722
360043428633,Taking Snapshots of Cards,https://domo-support.domo.com/s/article/360043428633,2023-04-11 17:45:10.790440
360042935154,Analyzer Card Basics,https://domo-support.domo.com/s/article/360042935154,2023-04-11 17:45:20.140667
360042925814,Configuring Notification and Alert Settings,https://domo-support.domo.com/s/article/360042925814,2023-04-11 17:45:30.112390
360043429893,Updating or Refreshing the DataSet for a Visualization Card,https://domo-support.domo.com/s/article/360043429893,2023-04-11 17:45:38.157420
360042925614,Updating a Doc Card,https://domo-support.domo.com/s/article/360042925614,2023-04-11 17:45:48.188581
360043430193,Downloading a Document from Domo,https://domo-support.domo.com/s/article/360043430193,2023-04-11 17:45:57.813067
360043430213,Previewing a Document,https://domo-support.domo.com/s/article/360043430213,2023-04-11 17:46:05.841969
360043430233,Adding a Notebook Card,https://domo-support.domo.com/s/article/360043430233,2023-04-11 17:46:14.820057
360042925694,Adding a Poll Card to Domo,https://domo-support.domo.com/s/article/360042925694,2023-04-11 17:46:45.909898
360046752694,Sumo Editor Layout,https://domo-support.domo.com/s/article/360046752694,2023-04-11 17:46:54.589829
360042925674,Adding a Sumo Card,https://domo-support.domo.com/s/article/360042925674,2023-04-11 17:47:05.045796
360043430173,Adding a Doc Card to Domo,https://domo-support.domo.com/s/article/360043430173,2023-04-11 17:47:14.358305
360043437993,Sharing Content Outside of Domo with Embed,https://domo-support.domo.com/s/article/360043437993,2023-04-11 17:47:23.610718
360043428373,Adding Cards as Favorites,https://domo-support.domo.com/s/article/360043428373,2023-04-11 17:47:45.334232
360042923254,Moving or Copying Cards to Other Pages,https://domo-support.domo.com/s/article/360042923254,2023-04-11 17:47:57.585310
360042923274,"Duplicating Cards (""Save As"")",https://domo-support.domo.com/s/article/360042923274,2023-04-11 17:48:10.907090
360043437773,Scheduling Reports,https://domo-support.domo.com/s/article/360043437773,2023-04-11 17:48:20.107793
360042923294,Removing Cards from a Page,https://domo-support.domo.com/s/article/360042923294,2023-04-11 17:48:45.315975
360043428593,Deleting Cards from Domo,https://domo-support.domo.com/s/article/360043428593,2023-04-11 17:48:54.277934
360042923934,Card Details View Layout,https://domo-support.domo.com/s/article/360042923934,2023-04-11 17:49:03.472201
360042934634,PDP and Alerts,https://domo-support.domo.com/s/article/360042934634,2023-04-11 17:49:21.784361
360042925994,Creating an Alert for a DataSet,https://domo-support.domo.com/s/article/360042925994,2023-04-11 17:49:32.066192
360043430333,Creating a Project,https://domo-support.domo.com/s/article/360043430333,2023-04-11 17:49:47.529132
360043430513,Creating an Alert for a Visualization Card,https://domo-support.domo.com/s/article/360043430513,2023-04-11 17:49:56.848387
360043428833,Understanding the Data Table in Analyzer,https://domo-support.domo.com/s/article/360043428833,2023-04-11 17:50:12.228724
360043428553,Understanding Pages,https://domo-support.domo.com/s/article/360043428553,2023-04-11 17:50:22.152332
360043437893,Exporting Dashboards to PDF or PowerPoint,https://domo-support.domo.com/s/article/360043437893,2023-04-11 17:50:40.749242
360042923914,Applying Page-Level Filters with Filter Views,https://domo-support.domo.com/s/article/360042923914,2023-04-11 17:50:56.635755
360043428433,Creating Domo Stories,https://domo-support.domo.com/s/article/360043428433,2023-04-11 17:51:29.943384
360042924054,Opening Analyzer,https://domo-support.domo.com/s/article/360042924054,2023-04-11 17:52:08.535078
360042924254,Using a Fiscal Calendar,https://domo-support.domo.com/s/article/360042924254,2023-04-11 17:52:18.852187
360042934614,Creating and Deleting PDP Policies,https://domo-support.domo.com/s/article/360042934614,2023-04-11 17:52:28.898398
360042924634,Heat Map,https://domo-support.domo.com/s/article/360042924634,2023-04-11 17:52:43.197713
360042923994,Drilling into Data,https://domo-support.domo.com/s/article/360042923994,2023-04-11 17:52:58.086269
360042926274,Adding a DataSet Using a Connector,https://domo-support.domo.com/s/article/360042926274,2023-04-11 17:53:06.054659
360043428693,Understanding Chart Data,https://domo-support.domo.com/s/article/360043428693,2023-04-11 17:53:17.489666
360043436573,File Upload Connector,https://domo-support.domo.com/s/article/360043436573,2023-04-11 17:53:28.793652
360042925154,Applying and Resetting Chart Properties,https://domo-support.domo.com/s/article/360042925154,2023-04-11 17:53:44.536319
360042925074,U.S. State and County Maps,https://domo-support.domo.com/s/article/360042925074,2023-04-11 17:53:54.195907
360043429213,Latitude-Longitude Map,https://domo-support.domo.com/s/article/360043429213,2023-04-11 17:54:11.024490
360043430073,Sample Beast Mode Calculations: Basic Transforms,https://domo-support.domo.com/s/article/360043430073,2023-04-11 17:54:19.946858
360043430133,Sample Beast Mode Calculations: Period-over-Period Transforms,https://domo-support.domo.com/s/article/360043430133,2023-04-11 17:54:28.615449
360043430033,"Adding Graphics, Links, and Images to Table Cards Using Beast Mode",https://domo-support.domo.com/s/article/360043430033,2023-04-11 17:54:36.894332
360043430093,Sample Beast Mode Calculations: Card Element Transforms,https://domo-support.domo.com/s/article/360043430093,2023-04-11 17:54:49.010925
360042925514,Sample Beast Mode Calculations: Mathematical Transforms,https://domo-support.domo.com/s/article/360042925514,2023-04-11 17:55:01.154795
360043430113,Sample Beast Mode Calculations: Miscellaneous Transforms,https://domo-support.domo.com/s/article/360043430113,2023-04-11 17:55:09.022406
360042923594,Changing the Size of Cards on a Dashboard,https://domo-support.domo.com/s/article/360042923594,2023-04-11 17:55:19.034816
360043440133,Effective Summary Numbers,https://domo-support.domo.com/s/article/360043440133,2023-04-11 17:55:35.835561
360042934394,Setting Your Time Zone and Regional Formatting,https://domo-support.domo.com/s/article/360042934394,2023-04-11 17:55:45.985368
360043430053,Beast Mode FAQs,https://domo-support.domo.com/s/article/360043430053,2023-04-11 17:55:58.843700
360043430153,Top 5 Issues Users Experience with Beast Mode in Domo,https://domo-support.domo.com/s/article/360043430153,2023-04-11 17:56:07.345045
360043429633,Changing the Date Format in Your Chart,https://domo-support.domo.com/s/article/360043429633,2023-04-11 17:56:15.517007
360043428153,Date Difference for Business Days,https://domo-support.domo.com/s/article/360043428153,2023-04-11 17:56:24.964634
360042925214,Changing the Font Size in Your Chart,https://domo-support.domo.com/s/article/360042925214,2023-04-11 17:56:34.416960
360042925394,Properties for Miscellaneous Charts,https://domo-support.domo.com/s/article/360042925394,2023-04-11 17:56:42.444651
360043429273,Sankey Chart,https://domo-support.domo.com/s/article/360043429273,2023-04-11 17:57:14.265921
360043427473,Troubleshooting Domo,https://domo-support.domo.com/s/article/360043427473,2023-04-11 18:25:15.349689
360043427533,Creating a New List in the Customer Portal,https://domo-support.domo.com/s/article/360043427533,2023-04-11 18:25:25.945443
360042922874,Getting Help,https://domo-support.domo.com/s/article/360042922874,2023-04-11 18:25:40.843280
360043438953,Default Security Role Reference,https://domo-support.domo.com/s/article/360043438953,2023-04-11 18:25:51.753204
360042934354,Assigning a Security Role to a User,https://domo-support.domo.com/s/article/360042934354,2023-04-11 18:26:01.250301
360042924194,Editing the Column Header Labels for Your Chart Table View,https://domo-support.domo.com/s/article/360042924194,2023-04-11 18:26:11.611590
360042924134,Formatting Values in Your Chart,https://domo-support.domo.com/s/article/360042924134,2023-04-11 18:26:24.864926
360043428773,Adding a Goal Line to Your Chart,https://domo-support.domo.com/s/article/360043428773,2023-04-11 18:26:33.953926
360043430493,Projects and Tasks Best Practices,https://domo-support.domo.com/s/article/360043430493,2023-04-11 18:26:42.282191
360042926154,Best Practices for Managing DataSets,https://domo-support.domo.com/s/article/360042926154,2023-04-11 18:26:57.308624
360042935294,Best Practices for Choosing Chart Types,https://domo-support.domo.com/s/article/360042935294,2023-04-11 18:27:05.498472
360043440173,Top 10 Dashboard Design Best Practices,https://domo-support.domo.com/s/article/360043440173,2023-04-11 18:27:15.169427
360043439953,Best Practices for Creating Visualization Cards,https://domo-support.domo.com/s/article/360043439953,2023-04-11 18:27:23.383303
360042935374,"Card, Data, and Page Best Practices",https://domo-support.domo.com/s/article/360042935374,2023-04-11 18:27:54.713802
360043439993,Best Practices for Standardizing Visualization Cards,https://domo-support.domo.com/s/article/360043439993,2023-04-11 18:28:08.094868
360043428033,Stacked Area Chart,https://domo-support.domo.com/s/article/360043428033,2023-04-11 18:28:16.352996
360043429533,Stream Chart,https://domo-support.domo.com/s/article/360043429533,2023-04-11 18:28:26.840127
360043429513,Stream Funnel Chart,https://domo-support.domo.com/s/article/360043429513,2023-04-11 18:28:36.975107
360043430413,Using the Data Warehouse to Manage Data,https://domo-support.domo.com/s/article/360043430413,2023-04-11 18:28:47.143069
360042923734,Installing the R SDK,https://domo-support.domo.com/s/article/360042923734,2023-04-11 18:28:55.872418
360043428293,Combining DataSets Using DataFusion,https://domo-support.domo.com/s/article/360043428293,2023-04-11 18:29:04.835437
360042932554,Workbench 5 Overview,https://domo-support.domo.com/s/article/360042932554,2023-04-11 18:29:12.977895
360042923174,Changing the Owner of a DataFlow,https://domo-support.domo.com/s/article/360042923174,2023-04-11 18:29:21.022375
360043427833,Disabling or Deleting a DataFlow,https://domo-support.domo.com/s/article/360043427833,2023-04-11 18:29:32.971902
360042923034,Running a DataFlow,https://domo-support.domo.com/s/article/360042923034,2023-04-11 18:30:06.855388
360042923154,Configuring Notifications for Failed DataFlows,https://domo-support.domo.com/s/article/360042923154,2023-04-11 18:30:27.721947
360042923134,Copying a DataFlow,https://domo-support.domo.com/s/article/360042923134,2023-04-11 18:30:36.924381
360042926114,Setting the Expected Update Frequency for a DataSet,https://domo-support.domo.com/s/article/360042926114,2023-04-11 18:31:09.775087
360043429873,Powering a Visualization Card with Data,https://domo-support.domo.com/s/article/360043429873,2023-04-11 18:31:21.268803
360046074774,DataSet Views,https://domo-support.domo.com/s/article/360046074774,2023-04-11 18:31:34.126154
360042922994,Creating a SQL DataFlow,https://domo-support.domo.com/s/article/360042922994,2023-04-11 18:32:04.029780
360042926134,Exporting DataSets,https://domo-support.domo.com/s/article/360042926134,2023-04-11 18:32:21.076183
360043430653,Connecting Cards to a Different DataSet,https://domo-support.domo.com/s/article/360043430653,2023-04-11 18:32:51.333136
360042923054,Viewing DataFlow Details,https://domo-support.domo.com/s/article/360042923054,2023-04-11 18:33:00.197555
360055259234,Creating a Magic ETL DataFlow,https://domo-support.domo.com/s/article/360055259234,2023-04-11 18:33:35.862066
360045402273,Magic ETL Tiles: DataSets,https://domo-support.domo.com/s/article/360045402273,2023-04-11 18:33:48.974228
360045402873,Magic ETL Tiles: Text,https://domo-support.domo.com/s/article/360045402873,2023-04-11 18:34:04.549058
360045402313,Magic ETL Tiles: Dates and Numbers,https://domo-support.domo.com/s/article/360045402313,2023-04-11 18:34:29.258682
360044876874,Magic ETL Tiles: Utility,https://domo-support.domo.com/s/article/360044876874,2023-04-11 18:34:41.437853
360044876614,Magic ETL Tiles: Filter,https://domo-support.domo.com/s/article/360044876614,2023-04-11 18:35:05.543687
360044876194,Magic ETL Tiles: Combine Data,https://domo-support.domo.com/s/article/360044876194,2023-04-11 18:35:22.033325
360044876094,Magic ETL Tiles: Aggregate,https://domo-support.domo.com/s/article/360044876094,2023-04-11 18:35:43.628894
360044951294,Magic ETL Tiles: Pivot,https://domo-support.domo.com/s/article/360044951294,2023-04-11 18:36:08.289238
360045485833,Magic ETL Tiles: Scripting,https://domo-support.domo.com/s/article/360045485833,2023-04-11 18:36:27.932581
360045259294,Magic ETL Tiles: Data Science,https://domo-support.domo.com/s/article/360045259294,2023-04-11 18:36:53.592917
4405156517527,Magic ETL Tiles: Performance,https://domo-support.domo.com/s/article/4405156517527,2023-04-11 18:37:45.361309
360042926054,Managing User Accounts for Connectors,https://domo-support.domo.com/s/article/360042926054,2023-04-11 18:38:01.099557
360047553253,Data Center Layout,https://domo-support.domo.com/s/article/360047553253,2023-04-11 18:38:15.496259
4403489663127,Aggregated Filters,https://domo-support.domo.com/s/article/4403489663127,2023-04-11 18:39:02.862224
360042924014,Filtering Data in a Card Details View,https://domo-support.domo.com/s/article/360042924014,2023-04-11 18:39:30.513655
360043429653,Changing the Default Colors in Your Chart,https://domo-support.domo.com/s/article/360043429653,2023-04-11 18:40:01.637842
360042925194,Adding Scale Markers to Your Charts,https://domo-support.domo.com/s/article/360042925194,2023-04-11 18:40:12.006491
360043429253,Running Total Line Chart,https://domo-support.domo.com/s/article/360043429253,2023-04-11 18:40:21.184929
